"Жизнь - это то, что с тобой происходит, пока ты строишь другие планы. - Джон Леннон"
"Все, что мы делаем, мы делаем для себя. - Оскар Уайльд"
"Время - это то, что у тебя есть. Ты можешь потратить его на то, что тебе нравится. - Карл Сандберг"
"Если бы у жизни был второй шанс, я бы все равно сделал то же самое. - Махатма Ганди"
"Жизнь - это то, что ты делаешь из нее. - Фрэнклин Д. Рузвельт"
"Все, что ты можешь или мечтаешь сделать, начни. Смелость содержит в себе гениальность, силу и волшебство. - Иоганн Вольфганг фон Гёте"
"В жизни всегда есть место для того, кто умеет работать. - Генри Форд"
"Жизнь - это то, что ты делаешь из нее. - Фрэнклин Д. Рузвельт"
"Если бы у жизни был второй шанс, я бы все равно сделал то же самое. - Махатма Ганди"
"Все, что мы делаем, мы делаем для себя. - Оскар Уайльд"
"Время - это то, что у тебя есть. Ты можешь потратить его на то, что тебе нравится. - Карл Сандберг"
"Жизнь - это то, что с тобой происходит, пока ты строишь другие планы. - Джон Леннон"